Case,Mean MPI,Mean Comp,Mean Total,Mean Fence,Mean Initialization,Variance MPI,Variance Comp,Variance Total,Variance Fence,Variance Initialization,Standard Deviation MPI,Standard Deviation Comp,Standard Deviation total,Standar Deviation Fence,Standar Deviation Initialization
../Task2/results/Phase2/result_64x64.csv,0.0001535,9.100000000000001e-06,0.00486675,Not found,0.00470985,3.0385e-10,4.79e-12,3.689030875000001e-07,Not found,3.7342912750000004e-07,1.7431293698403454e-05,2.188606862823929e-06,0.0006073739272474578,Not found,0.0006110884776364221
../Task2/results/Phase2/result_128x128.csv,0.00047415,3.655e-05,0.014688000000000001,Not found,0.014191100000000002,1.4082275e-09,1.6344750000000002e-10,4.398866999999996e-07,Not found,4.5408918999999967e-07,3.752635740383018e-05,1.2784658775266551e-05,0.0006632395494841962,Not found,0.000673861402663782
../Task2/results/Phase2/result_256x256.csv,0.0011135,0.00016485,0.03795735,Not found,0.036716,2.584075e-08,1.9275000000000032e-12,4.2250223275e-06,Not found,4.3282719000000015e-06,0.00016075058320267458,1.3883443376914833e-06,0.0020554859103141523,Not found,0.0020804499272993817
../Task2/results/Phase2/result_512x512.csv,0.00377575,0.0012323,0.111415,Not found,0.10656335000000002,5.604836875e-07,9.340880999999999e-08,1.7554197799999993e-05,Not found,1.5973558627500002e-05,0.0007486545849054823,0.00030562854905914793,0.0041897730010109135,Not found,0.003996693461788132
../Task2/results/Phase2/result_1024x1024.csv,0.03549125,0.0174389,0.43931315,Not found,0.38717915,1.2551234087499998e-05,8.701129e-08,0.0011907506285275,Not found,0.0012476058778275,0.0035427720908209714,0.0002949767617965863,0.034507254723137565,Not found,0.03532146483128212
../Task2/results/Phase2/result_2048x2048.csv,0.0709389,0.3034213,1.8267688499999999,Not found,1.45545015,2.575900049000001e-05,1.1114076409999983e-05,0.000277414793627501,Not found,0.0002630147763274998,0.005075332549695636,0.003333778098494257,0.016655773582379803,Not found,0.01621773030752145
../Task2/results/Phase2/result_4096x4096.csv,0.43925665,2.42828885,8.59701475,Not found,5.7640305,0.0014171293922274992,0.0002616485329275006,0.0024571828580875173,Not found,0.002310977336750001,0.03764477908326066,0.016175553558611236,0.04956997940374312,Not found,0.04807262564859549
